descricao,categoria
DROGARIA SAO PAULO,SAUDE
AMAZON,SHOPPING
STARBUCKS,ALIMENTACAO
YOUTUBE PREMIUM,ASSINATURA
PADARIA CENTRAL,ALIMENTACAO
HOSPITAL CENTRAL,SAUDE
IFOOD DELIVERY,ALIMENTACAO
MCDONALDS,ALIMENTACAO
SPOTIFY,ASSINATURA
NETFLIX,ASSINATURA
UBER TRIP,TRANSPORTE
IPIRANGA,TRANSPORTE
IFOOD DELIVERY,ALIMENTACAO
RESTAURANTE SABOR,ALIMENTACAO
BURGER KING,ALIMENTACAO
XBOX GAME PASS,ASSINATURA
BURGER KING,ALIMENTACAO
MAGAZINE LUIZA,SHOPPING
DROGARIA SAO PAULO,SAUDE
AMAZON,SHOPPING
ALIEXPRESS,SHOPPING
PEDAGIO RODOVIA,TRANSPORTE
AMAZON,SHOPPING
BURGER KING,ALIMENTACAO
SHELL POSTO,TRANSPORTE
SHOPEE,SHOPPING
AMAZON,SHOPPING
HOSPITAL CENTRAL,SAUDE
DROGARIA SAO PAULO,SAUDE
ALIEXPRESS,SHOPPING
YOUTUBE PREMIUM,ASSINATURA
NETFLIX,ASSINATURA
SHOPEE,SHOPPING
SHOPEE,SHOPPING
NETFLIX,ASSINATURA
HOSPITAL CENTRAL,SAUDE
DROGASIL,SAUDE
PEDAGIO RODOVIA,TRANSPORTE
DROGARIA SAO PAULO,SAUDE
DROGASIL,SAUDE
HOSPITAL CENTRAL,SAUDE
CLINICA MEDICA,SAUDE
HOSPITAL CENTRAL,SAUDE
99 TAXI,TRANSPORTE
DROGARIA SAO PAULO,SAUDE
SHELL POSTO,TRANSPORTE
IFOOD DELIVERY,ALIMENTACAO
AZUL LINHAS AEREAS,TRANSPORTE
ALIEXPRESS,SHOPPING
SUBWAY,ALIMENTACAO
HOSPITAL CENTRAL,SAUDE
PADARIA CENTRAL,ALIMENTACAO
BURGER KING,ALIMENTACAO
ALIEXPRESS,SHOPPING
NETFLIX,ASSINATURA
SUBWAY,ALIMENTACAO
IPIRANGA,TRANSPORTE
99 TAXI,TRANSPORTE
AMAZON,SHOPPING
XBOX GAME PASS,ASSINATURA
UBER TRIP,TRANSPORTE
MERCADO LIVRE,SHOPPING
HOSPITAL CENTRAL,SAUDE
UBER TRIP,TRANSPORTE
AMAZON PRIME,ASSINATURA
HOSPITAL CENTRAL,SAUDE
PADARIA CENTRAL,ALIMENTACAO
XBOX GAME PASS,ASSINATURA
PADARIA CENTRAL,ALIMENTACAO
IPIRANGA,TRANSPORTE
DROGARIA SAO PAULO,SAUDE
AZUL LINHAS AEREAS,TRANSPORTE
ALIEXPRESS,SHOPPING
XBOX GAME PASS,ASSINATURA
SPOTIFY,ASSINATURA
YOUTUBE PREMIUM,ASSINATURA
SHELL POSTO,TRANSPORTE
MAGAZINE LUIZA,SHOPPING
SHOPEE,SHOPPING
SPOTIFY,ASSINATURA
STARBUCKS,ALIMENTACAO
DROGARIA SAO PAULO,SAUDE
UBER TRIP,TRANSPORTE
MAGAZINE LUIZA,SHOPPING
MAGAZINE LUIZA,SHOPPING
DROGARIA SAO PAULO,SAUDE
MCDONALDS,ALIMENTACAO
AMAZON,SHOPPING
SHELL POSTO,TRANSPORTE
YOUTUBE PREMIUM,ASSINATURA
DROGARIA SAO PAULO,SAUDE
RESTAURANTE SABOR,ALIMENTACAO
AZUL LINHAS AEREAS,TRANSPORTE
MCDONALDS,ALIMENTACAO
CLINICA MEDICA,SAUDE
ESTACIONAMENTO,TRANSPORTE
99 TAXI,TRANSPORTE
RESTAURANTE SABOR,ALIMENTACAO
IFOOD DELIVERY,ALIMENTACAO
ESTACIONAMENTO,TRANSPORTE
AMAZON,SHOPPING
IFOOD DELIVERY,ALIMENTACAO
AMAZON,SHOPPING
ALIEXPRESS,SHOPPING
NETFLIX,ASSINATURA
DROGASIL,SAUDE
MERCADO LIVRE,SHOPPING
CLINICA MEDICA,SAUDE
DROGARIA SAO PAULO,SAUDE
HOSPITAL CENTRAL,SAUDE
PEDAGIO RODOVIA,TRANSPORTE
DROGARIA SAO PAULO,SAUDE
SHOPEE,SHOPPING
AMAZON PRIME,ASSINATURA
DROGASIL,SAUDE
SHOPEE,SHOPPING
ESTACIONAMENTO,TRANSPORTE
NETFLIX,ASSINATURA
ALIEXPRESS,SHOPPING
ESTACIONAMENTO,TRANSPORTE
CLINICA MEDICA,SAUDE
DROGARIA SAO PAULO,SAUDE
YOUTUBE PREMIUM,ASSINATURA
DROGARIA SAO PAULO,SAUDE
SPOTIFY,ASSINATURA
MAGAZINE LUIZA,SHOPPING
NETFLIX,ASSINATURA
AMAZON,SHOPPING
PADARIA CENTRAL,ALIMENTACAO
AMAZON PRIME,ASSINATURA
DROGARIA SAO PAULO,SAUDE
SHELL POSTO,TRANSPORTE
DROGARIA SAO PAULO,SAUDE
AZUL LINHAS AEREAS,TRANSPORTE
SHELL POSTO,TRANSPORTE
99 TAXI,TRANSPORTE
ALIEXPRESS,SHOPPING
IPIRANGA,TRANSPORTE
ALIEXPRESS,SHOPPING
DISNEY PLUS,ASSINATURA
AMAZON PRIME,ASSINATURA
SHOPEE,SHOPPING
CLINICA MEDICA,SAUDE
PEDAGIO RODOVIA,TRANSPORTE
ESTACIONAMENTO,TRANSPORTE
HOSPITAL CENTRAL,SAUDE
DROGARIA SAO PAULO,SAUDE
PADARIA CENTRAL,ALIMENTACAO
SUBWAY,ALIMENTACAO
IPIRANGA,TRANSPORTE
BURGER KING,ALIMENTACAO
DROGARIA SAO PAULO,SAUDE
ESTACIONAMENTO,TRANSPORTE
PEDAGIO RODOVIA,TRANSPORTE
UBER TRIP,TRANSPORTE
AZUL LINHAS AEREAS,TRANSPORTE
AMAZON PRIME,ASSINATURA
SPOTIFY,ASSINATURA
YOUTUBE PREMIUM,ASSINATURA
SPOTIFY,ASSINATURA
PADARIA CENTRAL,ALIMENTACAO
AMAZON PRIME,ASSINATURA
NETFLIX,ASSINATURA
MAGAZINE LUIZA,SHOPPING
PEDAGIO RODOVIA,TRANSPORTE
DROGASIL,SAUDE
PEDAGIO RODOVIA,TRANSPORTE
PEDAGIO RODOVIA,TRANSPORTE
SUBWAY,ALIMENTACAO
MERCADO LIVRE,SHOPPING
MAGAZINE LUIZA,SHOPPING
MCDONALDS,ALIMENTACAO
ALIEXPRESS,SHOPPING
MERCADO LIVRE,SHOPPING
UBER TRIP,TRANSPORTE
CLINICA MEDICA,SAUDE
DROGARIA SAO PAULO,SAUDE
PADARIA CENTRAL,ALIMENTACAO
AMAZON,SHOPPING
AZUL LINHAS AEREAS,TRANSPORTE
SUBWAY,ALIMENTACAO
DROGASIL,SAUDE
SHOPEE,SHOPPING
XBOX GAME PASS,ASSINATURA
99 TAXI,TRANSPORTE
SPOTIFY,ASSINATURA
HOSPITAL CENTRAL,SAUDE
ALIEXPRESS,SHOPPING
HOSPITAL CENTRAL,SAUDE
RESTAURANTE SABOR,ALIMENTACAO
SUBWAY,ALIMENTACAO
MAGAZINE LUIZA,SHOPPING
DROGARIA SAO PAULO,SAUDE
RESTAURANTE SABOR,ALIMENTACAO
UBER TRIP,TRANSPORTE
XBOX GAME PASS,ASSINATURA
CLINICA MEDICA,SAUDE
DROGARIA SAO PAULO,SAUDE
HOSPITAL CENTRAL,SAUDE
ALIEXPRESS,SHOPPING
PADARIA CENTRAL,ALIMENTACAO
SUBWAY,ALIMENTACAO
DROGARIA SAO PAULO,SAUDE
STARBUCKS,ALIMENTACAO
DROGARIA SAO PAULO,SAUDE
ALIEXPRESS,SHOPPING
DROGASIL,SAUDE
PADARIA CENTRAL,ALIMENTACAO
SHELL POSTO,TRANSPORTE
NETFLIX,ASSINATURA
ALIEXPRESS,SHOPPING
HOSPITAL CENTRAL,SAUDE
HOSPITAL CENTRAL,SAUDE
STARBUCKS,ALIMENTACAO
DROGASIL,SAUDE
99 TAXI,TRANSPORTE
PIZZA HUT,ALIMENTACAO
CLINICA MEDICA,SAUDE
IPIRANGA,TRANSPORTE
DROGARIA SAO PAULO,SAUDE
IPIRANGA,TRANSPORTE
MERCADO LIVRE,SHOPPING
CLINICA MEDICA,SAUDE
CLINICA MEDICA,SAUDE
SUBWAY,ALIMENTACAO
UBER TRIP,TRANSPORTE
HOSPITAL CENTRAL,SAUDE
SUBWAY,ALIMENTACAO
AZUL LINHAS AEREAS,TRANSPORTE
CLINICA MEDICA,SAUDE
AZUL LINHAS AEREAS,TRANSPORTE
ALIEXPRESS,SHOPPING
SPOTIFY,ASSINATURA
ALIEXPRESS,SHOPPING
PEDAGIO RODOVIA,TRANSPORTE
AZUL LINHAS AEREAS,TRANSPORTE
PIZZA HUT,ALIMENTACAO
STARBUCKS,ALIMENTACAO
MAGAZINE LUIZA,SHOPPING
MERCADO LIVRE,SHOPPING
PIZZA HUT,ALIMENTACAO
99 TAXI,TRANSPORTE
UBER TRIP,TRANSPORTE
HOSPITAL CENTRAL,SAUDE
SHOPEE,SHOPPING
PIZZA HUT,ALIMENTACAO
SHOPEE,SHOPPING
YOUTUBE PREMIUM,ASSINATURA
AZUL LINHAS AEREAS,TRANSPORTE
DISNEY PLUS,ASSINATURA
MERCADO LIVRE,SHOPPING
IPIRANGA,TRANSPORTE
YOUTUBE PREMIUM,ASSINATURA
SUBWAY,ALIMENTACAO
DROGARIA SAO PAULO,SAUDE
DISNEY PLUS,ASSINATURA
DROGASIL,SAUDE
DROGASIL,SAUDE
IFOOD DELIVERY,ALIMENTACAO
BURGER KING,ALIMENTACAO
ALIEXPRESS,SHOPPING
HOSPITAL CENTRAL,SAUDE
SHELL POSTO,TRANSPORTE
MERCADO LIVRE,SHOPPING
XBOX GAME PASS,ASSINATURA
HOSPITAL CENTRAL,SAUDE
99 TAXI,TRANSPORTE
NETFLIX,ASSINATURA
DROGASIL,SAUDE
DROGASIL,SAUDE
NETFLIX,ASSINATURA
ALIEXPRESS,SHOPPING
CLINICA MEDICA,SAUDE
BURGER KING,ALIMENTACAO
AMAZON,SHOPPING
CLINICA MEDICA,SAUDE
PEDAGIO RODOVIA,TRANSPORTE
ALIEXPRESS,SHOPPING
PEDAGIO RODOVIA,TRANSPORTE
UBER TRIP,TRANSPORTE
XBOX GAME PASS,ASSINATURA
PIZZA HUT,ALIMENTACAO
PEDAGIO RODOVIA,TRANSPORTE
UBER TRIP,TRANSPORTE
99 TAXI,TRANSPORTE
MERCADO LIVRE,SHOPPING
MAGAZINE LUIZA,SHOPPING
YOUTUBE PREMIUM,ASSINATURA
HOSPITAL CENTRAL,SAUDE
PADARIA CENTRAL,ALIMENTACAO
BURGER KING,ALIMENTACAO
AMAZON PRIME,ASSINATURA
UBER TRIP,TRANSPORTE
MAGAZINE LUIZA,SHOPPING
PEDAGIO RODOVIA,TRANSPORTE
AMAZON PRIME,ASSINATURA
CLINICA MEDICA,SAUDE
PEDAGIO RODOVIA,TRANSPORTE
DROGARIA SAO PAULO,SAUDE
AMAZON,SHOPPING
99 TAXI,TRANSPORTE
BURGER KING,ALIMENTACAO
ESTACIONAMENTO,TRANSPORTE
UBER TRIP,TRANSPORTE
PADARIA CENTRAL,ALIMENTACAO
CLINICA MEDICA,SAUDE
NETFLIX,ASSINATURA
ALIEXPRESS,SHOPPING
ALIEXPRESS,SHOPPING
PEDAGIO RODOVIA,TRANSPORTE
DROGARIA SAO PAULO,SAUDE
MERCADO LIVRE,SHOPPING
SHELL POSTO,TRANSPORTE
NETFLIX,ASSINATURA
DROGASIL,SAUDE
DISNEY PLUS,ASSINATURA
CLINICA MEDICA,SAUDE
99 TAXI,TRANSPORTE
RESTAURANTE SABOR,ALIMENTACAO
YOUTUBE PREMIUM,ASSINATURA
SPOTIFY,ASSINATURA
IPIRANGA,TRANSPORTE
AZUL LINHAS AEREAS,TRANSPORTE
CLINICA MEDICA,SAUDE
AMAZON PRIME,ASSINATURA
MAGAZINE LUIZA,SHOPPING
MAGAZINE LUIZA,SHOPPING
UBER TRIP,TRANSPORTE
PEDAGIO RODOVIA,TRANSPORTE
DROGARIA SAO PAULO,SAUDE
MAGAZINE LUIZA,SHOPPING
ESTACIONAMENTO,TRANSPORTE
ALIEXPRESS,SHOPPING
XBOX GAME PASS,ASSINATURA
SUBWAY,ALIMENTACAO
XBOX GAME PASS,ASSINATURA
SHOPEE,SHOPPING
BURGER KING,ALIMENTACAO
MERCADO LIVRE,SHOPPING
PEDAGIO RODOVIA,TRANSPORTE
DROGASIL,SAUDE
MERCADO LIVRE,SHOPPING
99 TAXI,TRANSPORTE
PEDAGIO RODOVIA,TRANSPORTE
PADARIA CENTRAL,ALIMENTACAO
XBOX GAME PASS,ASSINATURA
XBOX GAME PASS,ASSINATURA
PEDAGIO RODOVIA,TRANSPORTE
STARBUCKS,ALIMENTACAO
MERCADO LIVRE,SHOPPING
PIZZA HUT,ALIMENTACAO
SHOPEE,SHOPPING
ALIEXPRESS,SHOPPING
BURGER KING,ALIMENTACAO
AMAZON PRIME,ASSINATURA
CLINICA MEDICA,SAUDE
MERCADO LIVRE,SHOPPING
MERCADO LIVRE,SHOPPING
RESTAURANTE SABOR,ALIMENTACAO
DISNEY PLUS,ASSINATURA
SPOTIFY,ASSINATURA
IFOOD DELIVERY,ALIMENTACAO
SHELL POSTO,TRANSPORTE
PADARIA CENTRAL,ALIMENTACAO
99 TAXI,TRANSPORTE
AZUL LINHAS AEREAS,TRANSPORTE
MAGAZINE LUIZA,SHOPPING
DISNEY PLUS,ASSINATURA
ESTACIONAMENTO,TRANSPORTE
AMAZON,SHOPPING
YOUTUBE PREMIUM,ASSINATURA
NETFLIX,ASSINATURA
AMAZON,SHOPPING
IFOOD DELIVERY,ALIMENTACAO
DROGARIA SAO PAULO,SAUDE
DROGASIL,SAUDE
MAGAZINE LUIZA,SHOPPING
AMAZON,SHOPPING
PADARIA CENTRAL,ALIMENTACAO
ALIEXPRESS,SHOPPING
BURGER KING,ALIMENTACAO
MERCADO LIVRE,SHOPPING
HOSPITAL CENTRAL,SAUDE
RESTAURANTE SABOR,ALIMENTACAO
AMAZON PRIME,ASSINATURA
YOUTUBE PREMIUM,ASSINATURA
SUBWAY,ALIMENTACAO
MCDONALDS,ALIMENTACAO
ESTACIONAMENTO,TRANSPORTE
PEDAGIO RODOVIA,TRANSPORTE
YOUTUBE PREMIUM,ASSINATURA
NETFLIX,ASSINATURA
MERCADO LIVRE,SHOPPING
IFOOD DELIVERY,ALIMENTACAO
HOSPITAL CENTRAL,SAUDE
AMAZON,SHOPPING
AMAZON PRIME,ASSINATURA
SUBWAY,ALIMENTACAO
YOUTUBE PREMIUM,ASSINATURA
SHELL POSTO,TRANSPORTE
MAGAZINE LUIZA,SHOPPING
AMAZON PRIME,ASSINATURA
SPOTIFY,ASSINATURA
DROGASIL,SAUDE
SHELL POSTO,TRANSPORTE
SPOTIFY,ASSINATURA
MAGAZINE LUIZA,SHOPPING
ESTACIONAMENTO,TRANSPORTE
PEDAGIO RODOVIA,TRANSPORTE
AMAZON,SHOPPING
XBOX GAME PASS,ASSINATURA
AMAZON PRIME,ASSINATURA
SHOPEE,SHOPPING
UBER TRIP,TRANSPORTE
BURGER KING,ALIMENTACAO
IFOOD DELIVERY,ALIMENTACAO
ALIEXPRESS,SHOPPING
SHELL POSTO,TRANSPORTE
CLINICA MEDICA,SAUDE
UBER TRIP,TRANSPORTE
HOSPITAL CENTRAL,SAUDE
MAGAZINE LUIZA,SHOPPING
DROGASIL,SAUDE
DROGASIL,SAUDE
99 TAXI,TRANSPORTE
IFOOD DELIVERY,ALIMENTACAO
STARBUCKS,ALIMENTACAO
SHOPEE,SHOPPING
DISNEY PLUS,ASSINATURA
MCDONALDS,ALIMENTACAO
YOUTUBE PREMIUM,ASSINATURA
SPOTIFY,ASSINATURA
SPOTIFY,ASSINATURA
SHOPEE,SHOPPING
NETFLIX,ASSINATURA
CLINICA MEDICA,SAUDE
DISNEY PLUS,ASSINATURA
SUBWAY,ALIMENTACAO
DROGARIA SAO PAULO,SAUDE
PEDAGIO RODOVIA,TRANSPORTE
IPIRANGA,TRANSPORTE
MCDONALDS,ALIMENTACAO
SPOTIFY,ASSINATURA
SHOPEE,SHOPPING
PEDAGIO RODOVIA,TRANSPORTE
CLINICA MEDICA,SAUDE
DROGASIL,SAUDE
STARBUCKS,ALIMENTACAO
NETFLIX,ASSINATURA
MERCADO LIVRE,SHOPPING
PADARIA CENTRAL,ALIMENTACAO
MERCADO LIVRE,SHOPPING
MAGAZINE LUIZA,SHOPPING
DISNEY PLUS,ASSINATURA
DISNEY PLUS,ASSINATURA
STARBUCKS,ALIMENTACAO
SUBWAY,ALIMENTACAO
IPIRANGA,TRANSPORTE
DISNEY PLUS,ASSINATURA
NETFLIX,ASSINATURA
IFOOD DELIVERY,ALIMENTACAO
MAGAZINE LUIZA,SHOPPING
BURGER KING,ALIMENTACAO
MCDONALDS,ALIMENTACAO
STARBUCKS,ALIMENTACAO
YOUTUBE PREMIUM,ASSINATURA
IPIRANGA,TRANSPORTE
DROGARIA SAO PAULO,SAUDE
ESTACIONAMENTO,TRANSPORTE
PADARIA CENTRAL,ALIMENTACAO
SUBWAY,ALIMENTACAO
AZUL LINHAS AEREAS,TRANSPORTE
AZUL LINHAS AEREAS,TRANSPORTE
DROGARIA SAO PAULO,SAUDE
CLINICA MEDICA,SAUDE
PADARIA CENTRAL,ALIMENTACAO
MERCADO LIVRE,SHOPPING
SHOPEE,SHOPPING
ESTACIONAMENTO,TRANSPORTE
CLINICA MEDICA,SAUDE
AMAZON,SHOPPING
SHELL POSTO,TRANSPORTE
PADARIA CENTRAL,ALIMENTACAO
SPOTIFY,ASSINATURA
NETFLIX,ASSINATURA
ALIEXPRESS,SHOPPING
DROGASIL,SAUDE
AMAZON,SHOPPING
STARBUCKS,ALIMENTACAO
DROGASIL,SAUDE
HOSPITAL CENTRAL,SAUDE
IFOOD DELIVERY,ALIMENTACAO
ALIEXPRESS,SHOPPING
XBOX GAME PASS,ASSINATURA
IPIRANGA,TRANSPORTE
MERCADO LIVRE,SHOPPING
AZUL LINHAS AEREAS,TRANSPORTE
CLINICA MEDICA,SAUDE
CLINICA MEDICA,SAUDE
DROGARIA SAO PAULO,SAUDE
DROGASIL,SAUDE
AZUL LINHAS AEREAS,TRANSPORTE
MCDONALDS,ALIMENTACAO
DISNEY PLUS,ASSINATURA
AZUL LINHAS AEREAS,TRANSPORTE
IPIRANGA,TRANSPORTE
DROGARIA SAO PAULO,SAUDE
AZUL LINHAS AEREAS,TRANSPORTE
RESTAURANTE SABOR,ALIMENTACAO
AZUL LINHAS AEREAS,TRANSPORTE
MERCADO LIVRE,SHOPPING
PEDAGIO RODOVIA,TRANSPORTE
CLINICA MEDICA,SAUDE
PEDAGIO RODOVIA,TRANSPORTE
ALIEXPRESS,SHOPPING
UBER TRIP,TRANSPORTE
SHOPEE,SHOPPING
CLINICA MEDICA,SAUDE
DROGASIL,SAUDE
AMAZON,SHOPPING
STARBUCKS,ALIMENTACAO
PIZZA HUT,ALIMENTACAO
PADARIA CENTRAL,ALIMENTACAO
MAGAZINE LUIZA,SHOPPING
DISNEY PLUS,ASSINATURA
HOSPITAL CENTRAL,SAUDE
PIZZA HUT,ALIMENTACAO
HOSPITAL CENTRAL,SAUDE
IFOOD DELIVERY,ALIMENTACAO
MERCADO LIVRE,SHOPPING
MERCADO LIVRE,SHOPPING
YOUTUBE PREMIUM,ASSINATURA
YOUTUBE PREMIUM,ASSINATURA
HOSPITAL CENTRAL,SAUDE
CLINICA MEDICA,SAUDE
BURGER KING,ALIMENTACAO
ALIEXPRESS,SHOPPING
HOSPITAL CENTRAL,SAUDE
RESTAURANTE SABOR,ALIMENTACAO
NETFLIX,ASSINATURA
DROGASIL,SAUDE
HOSPITAL CENTRAL,SAUDE
DISNEY PLUS,ASSINATURA
SUBWAY,ALIMENTACAO
AMAZON PRIME,ASSINATURA
BURGER KING,ALIMENTACAO
IFOOD DELIVERY,ALIMENTACAO
ALIEXPRESS,SHOPPING
DROGASIL,SAUDE
XBOX GAME PASS,ASSINATURA
STARBUCKS,ALIMENTACAO
AMAZON PRIME,ASSINATURA
AZUL LINHAS AEREAS,TRANSPORTE
PIZZA HUT,ALIMENTACAO
CLINICA MEDICA,SAUDE
SPOTIFY,ASSINATURA
DROGARIA SAO PAULO,SAUDE
UBER TRIP,TRANSPORTE
ESTACIONAMENTO,TRANSPORTE
SHOPEE,SHOPPING
YOUTUBE PREMIUM,ASSINATURA
PEDAGIO RODOVIA,TRANSPORTE
DISNEY PLUS,ASSINATURA
CLINICA MEDICA,SAUDE
SHOPEE,SHOPPING
YOUTUBE PREMIUM,ASSINATURA
NETFLIX,ASSINATURA
HOSPITAL CENTRAL,SAUDE
SHELL POSTO,TRANSPORTE
99 TAXI,TRANSPORTE
SUBWAY,ALIMENTACAO
IPIRANGA,TRANSPORTE
IFOOD DELIVERY,ALIMENTACAO
YOUTUBE PREMIUM,ASSINATURA
MERCADO LIVRE,SHOPPING
DROGASIL,SAUDE
DISNEY PLUS,ASSINATURA
BURGER KING,ALIMENTACAO
SHOPEE,SHOPPING
MERCADO LIVRE,SHOPPING
MAGAZINE LUIZA,SHOPPING
DISNEY PLUS,ASSINATURA
AMAZON,SHOPPING
MAGAZINE LUIZA,SHOPPING
ALIEXPRESS,SHOPPING
SHELL POSTO,TRANSPORTE
PIZZA HUT,ALIMENTACAO
UBER TRIP,TRANSPORTE
HOSPITAL CENTRAL,SAUDE
SPOTIFY,ASSINATURA
DROGARIA SAO PAULO,SAUDE
AMAZON,SHOPPING
MCDONALDS,ALIMENTACAO
SHOPEE,SHOPPING
HOSPITAL CENTRAL,SAUDE
SHOPEE,SHOPPING
MERCADO LIVRE,SHOPPING
AMAZON PRIME,ASSINATURA
ALIEXPRESS,SHOPPING
ESTACIONAMENTO,TRANSPORTE
MCDONALDS,ALIMENTACAO
IFOOD DELIVERY,ALIMENTACAO
CLINICA MEDICA,SAUDE
AZUL LINHAS AEREAS,TRANSPORTE
IFOOD DELIVERY,ALIMENTACAO
MERCADO LIVRE,SHOPPING
SPOTIFY,ASSINATURA
DROGASIL,SAUDE
PIZZA HUT,ALIMENTACAO
YOUTUBE PREMIUM,ASSINATURA
DROGARIA SAO PAULO,SAUDE
DROGARIA SAO PAULO,SAUDE
PEDAGIO RODOVIA,TRANSPORTE
SPOTIFY,ASSINATURA
SHOPEE,SHOPPING
UBER TRIP,TRANSPORTE
DROGARIA SAO PAULO,SAUDE
AMAZON,SHOPPING
BURGER KING,ALIMENTACAO
IFOOD DELIVERY,ALIMENTACAO
DROGASIL,SAUDE
MCDONALDS,ALIMENTACAO
AMAZON PRIME,ASSINATURA
AMAZON PRIME,ASSINATURA
IPIRANGA,TRANSPORTE
SUBWAY,ALIMENTACAO
MAGAZINE LUIZA,SHOPPING
AMAZON PRIME,ASSINATURA
STARBUCKS,ALIMENTACAO
DISNEY PLUS,ASSINATURA
MCDONALDS,ALIMENTACAO
DROGARIA SAO PAULO,SAUDE
AMAZON,SHOPPING
AMAZON,SHOPPING
SUBWAY,ALIMENTACAO
DISNEY PLUS,ASSINATURA
AMAZON PRIME,ASSINATURA
MERCADO LIVRE,SHOPPING
PEDAGIO RODOVIA,TRANSPORTE
DROGARIA SAO PAULO,SAUDE
AMAZON,SHOPPING
MCDONALDS,ALIMENTACAO
DROGASIL,SAUDE
STARBUCKS,ALIMENTACAO
SPOTIFY,ASSINATURA
AMAZON PRIME,ASSINATURA
99 TAXI,TRANSPORTE
SPOTIFY,ASSINATURA
ESTACIONAMENTO,TRANSPORTE
RESTAURANTE SABOR,ALIMENTACAO
DROGASIL,SAUDE
PEDAGIO RODOVIA,TRANSPORTE
CLINICA MEDICA,SAUDE
HOSPITAL CENTRAL,SAUDE
DROGARIA SAO PAULO,SAUDE
DROGARIA SAO PAULO,SAUDE
AMAZON,SHOPPING
YOUTUBE PREMIUM,ASSINATURA
SHELL POSTO,TRANSPORTE
SPOTIFY,ASSINATURA
MERCADO LIVRE,SHOPPING
MAGAZINE LUIZA,SHOPPING
RESTAURANTE SABOR,ALIMENTACAO
DISNEY PLUS,ASSINATURA
CLINICA MEDICA,SAUDE
AMAZON PRIME,ASSINATURA
STARBUCKS,ALIMENTACAO
SPOTIFY,ASSINATURA
MAGAZINE LUIZA,SHOPPING
RESTAURANTE SABOR,ALIMENTACAO
IFOOD DELIVERY,ALIMENTACAO
PIZZA HUT,ALIMENTACAO
99 TAXI,TRANSPORTE
DROGARIA SAO PAULO,SAUDE
XBOX GAME PASS,ASSINATURA
PEDAGIO RODOVIA,TRANSPORTE
PADARIA CENTRAL,ALIMENTACAO
AMAZON,SHOPPING
MCDONALDS,ALIMENTACAO
ESTACIONAMENTO,TRANSPORTE
PADARIA CENTRAL,ALIMENTACAO
XBOX GAME PASS,ASSINATURA
XBOX GAME PASS,ASSINATURA
MCDONALDS,ALIMENTACAO
UBER TRIP,TRANSPORTE
MCDONALDS,ALIMENTACAO
DROGASIL,SAUDE
ESTACIONAMENTO,TRANSPORTE
PEDAGIO RODOVIA,TRANSPORTE
IPIRANGA,TRANSPORTE
AZUL LINHAS AEREAS,TRANSPORTE
MAGAZINE LUIZA,SHOPPING
SHOPEE,SHOPPING
AMAZON PRIME,ASSINATURA
SPOTIFY,ASSINATURA
UBER TRIP,TRANSPORTE
ALIEXPRESS,SHOPPING
DROGARIA SAO PAULO,SAUDE
IPIRANGA,TRANSPORTE
SHELL POSTO,TRANSPORTE
AMAZON,SHOPPING
99 TAXI,TRANSPORTE
AZUL LINHAS AEREAS,TRANSPORTE
AMAZON,SHOPPING
AMAZON,SHOPPING
MCDONALDS,ALIMENTACAO
PIZZA HUT,ALIMENTACAO
IFOOD DELIVERY,ALIMENTACAO
MERCADO LIVRE,SHOPPING
CLINICA MEDICA,SAUDE
CLINICA MEDICA,SAUDE
IPIRANGA,TRANSPORTE
ESTACIONAMENTO,TRANSPORTE
IPIRANGA,TRANSPORTE
SPOTIFY,ASSINATURA
STARBUCKS,ALIMENTACAO
DISNEY PLUS,ASSINATURA
PEDAGIO RODOVIA,TRANSPORTE
SHOPEE,SHOPPING
MERCADO LIVRE,SHOPPING
MAGAZINE LUIZA,SHOPPING
AMAZON,SHOPPING
PADARIA CENTRAL,ALIMENTACAO
AMAZON,SHOPPING
MERCADO LIVRE,SHOPPING
YOUTUBE PREMIUM,ASSINATURA
YOUTUBE PREMIUM,ASSINATURA
PADARIA CENTRAL,ALIMENTACAO
DISNEY PLUS,ASSINATURA
DISNEY PLUS,ASSINATURA
SHOPEE,SHOPPING
SHOPEE,SHOPPING
STARBUCKS,ALIMENTACAO
STARBUCKS,ALIMENTACAO
SHOPEE,SHOPPING
ALIEXPRESS,SHOPPING
SHOPEE,SHOPPING
ALIEXPRESS,SHOPPING
DROGASIL,SAUDE
YOUTUBE PREMIUM,ASSINATURA
ALIEXPRESS,SHOPPING
MAGAZINE LUIZA,SHOPPING
CLINICA MEDICA,SAUDE
AMAZON PRIME,ASSINATURA
AMAZON PRIME,ASSINATURA
PIZZA HUT,ALIMENTACAO
SPOTIFY,ASSINATURA
ALIEXPRESS,SHOPPING
YOUTUBE PREMIUM,ASSINATURA
SUBWAY,ALIMENTACAO
99 TAXI,TRANSPORTE
STARBUCKS,ALIMENTACAO
DROGASIL,SAUDE
NETFLIX,ASSINATURA
SUBWAY,ALIMENTACAO
DISNEY PLUS,ASSINATURA
UBER TRIP,TRANSPORTE
SHOPEE,SHOPPING
MAGAZINE LUIZA,SHOPPING
YOUTUBE PREMIUM,ASSINATURA
SUBWAY,ALIMENTACAO
99 TAXI,TRANSPORTE
NETFLIX,ASSINATURA
HOSPITAL CENTRAL,SAUDE
ALIEXPRESS,SHOPPING
BURGER KING,ALIMENTACAO
CLINICA MEDICA,SAUDE
99 TAXI,TRANSPORTE
MERCADO LIVRE,SHOPPING
IFOOD DELIVERY,ALIMENTACAO
PIZZA HUT,ALIMENTACAO
DROGARIA SAO PAULO,SAUDE
PEDAGIO RODOVIA,TRANSPORTE
HOSPITAL CENTRAL,SAUDE
SHELL POSTO,TRANSPORTE
AZUL LINHAS AEREAS,TRANSPORTE
SHOPEE,SHOPPING
SHOPEE,SHOPPING
AMAZON PRIME,ASSINATURA
IPIRANGA,TRANSPORTE
HOSPITAL CENTRAL,SAUDE
DROGASIL,SAUDE
DROGARIA SAO PAULO,SAUDE
CLINICA MEDICA,SAUDE
DISNEY PLUS,ASSINATURA
ALIEXPRESS,SHOPPING
AMAZON PRIME,ASSINATURA
NETFLIX,ASSINATURA
SHELL POSTO,TRANSPORTE
XBOX GAME PASS,ASSINATURA
DROGASIL,SAUDE
DROGARIA SAO PAULO,SAUDE
NETFLIX,ASSINATURA
DROGASIL,SAUDE
IFOOD DELIVERY,ALIMENTACAO
NETFLIX,ASSINATURA
DROGASIL,SAUDE
SPOTIFY,ASSINATURA
AMAZON PRIME,ASSINATURA
DROGASIL,SAUDE
DISNEY PLUS,ASSINATURA
AMAZON PRIME,ASSINATURA
IPIRANGA,TRANSPORTE
MCDONALDS,ALIMENTACAO
MCDONALDS,ALIMENTACAO
SHOPEE,SHOPPING
MAGAZINE LUIZA,SHOPPING
MCDONALDS,ALIMENTACAO
STARBUCKS,ALIMENTACAO
PADARIA CENTRAL,ALIMENTACAO
NETFLIX,ASSINATURA
RESTAURANTE SABOR,ALIMENTACAO
PEDAGIO RODOVIA,TRANSPORTE
SPOTIFY,ASSINATURA
CLINICA MEDICA,SAUDE
MERCADO LIVRE,SHOPPING
MCDONALDS,ALIMENTACAO
IPIRANGA,TRANSPORTE
SUBWAY,ALIMENTACAO
DISNEY PLUS,ASSINATURA
DISNEY PLUS,ASSINATURA
SHOPEE,SHOPPING
RESTAURANTE SABOR,ALIMENTACAO
XBOX GAME PASS,ASSINATURA
IFOOD DELIVERY,ALIMENTACAO
IFOOD DELIVERY,ALIMENTACAO
PEDAGIO RODOVIA,TRANSPORTE
CLINICA MEDICA,SAUDE
MCDONALDS,ALIMENTACAO
NETFLIX,ASSINATURA
UBER TRIP,TRANSPORTE
MERCADO LIVRE,SHOPPING
RESTAURANTE SABOR,ALIMENTACAO
HOSPITAL CENTRAL,SAUDE
DROGASIL,SAUDE
AMAZON,SHOPPING
IPIRANGA,TRANSPORTE
UBER TRIP,TRANSPORTE
SPOTIFY,ASSINATURA
YOUTUBE PREMIUM,ASSINATURA
HOSPITAL CENTRAL,SAUDE
PADARIA CENTRAL,ALIMENTACAO
YOUTUBE PREMIUM,ASSINATURA
DROGARIA SAO PAULO,SAUDE
UBER TRIP,TRANSPORTE
DROGARIA SAO PAULO,SAUDE
DROGARIA SAO PAULO,SAUDE
AMAZON PRIME,ASSINATURA
STARBUCKS,ALIMENTACAO
STARBUCKS,ALIMENTACAO
HOSPITAL CENTRAL,SAUDE
DROGASIL,SAUDE
AZUL LINHAS AEREAS,TRANSPORTE
YOUTUBE PREMIUM,ASSINATURA
AMAZON,SHOPPING
AZUL LINHAS AEREAS,TRANSPORTE
SPOTIFY,ASSINATURA
XBOX GAME PASS,ASSINATURA
MERCADO LIVRE,SHOPPING
AMAZON,SHOPPING
ALIEXPRESS,SHOPPING
DISNEY PLUS,ASSINATURA
PEDAGIO RODOVIA,TRANSPORTE
99 TAXI,TRANSPORTE
NETFLIX,ASSINATURA
RESTAURANTE SABOR,ALIMENTACAO
99 TAXI,TRANSPORTE
SPOTIFY,ASSINATURA
HOSPITAL CENTRAL,SAUDE
SHOPEE,SHOPPING
XBOX GAME PASS,ASSINATURA
DROGARIA SAO PAULO,SAUDE
DROGASIL,SAUDE
ESTACIONAMENTO,TRANSPORTE
YOUTUBE PREMIUM,ASSINATURA
AMAZON,SHOPPING
DROGARIA SAO PAULO,SAUDE
NETFLIX,ASSINATURA
PEDAGIO RODOVIA,TRANSPORTE
PADARIA CENTRAL,ALIMENTACAO
ESTACIONAMENTO,TRANSPORTE
DROGARIA SAO PAULO,SAUDE
AMAZON PRIME,ASSINATURA
YOUTUBE PREMIUM,ASSINATURA
DROGARIA SAO PAULO,SAUDE
AZUL LINHAS AEREAS,TRANSPORTE
RESTAURANTE SABOR,ALIMENTACAO
SHOPEE,SHOPPING
ESTACIONAMENTO,TRANSPORTE
DROGASIL,SAUDE
BURGER KING,ALIMENTACAO
UBER TRIP,TRANSPORTE
STARBUCKS,ALIMENTACAO
PIZZA HUT,ALIMENTACAO
XBOX GAME PASS,ASSINATURA
IPIRANGA,TRANSPORTE
SUBWAY,ALIMENTACAO
ESTACIONAMENTO,TRANSPORTE
YOUTUBE PREMIUM,ASSINATURA
SUBWAY,ALIMENTACAO
SHELL POSTO,TRANSPORTE
CLINICA MEDICA,SAUDE
PIZZA HUT,ALIMENTACAO
MAGAZINE LUIZA,SHOPPING
DROGARIA SAO PAULO,SAUDE
ESTACIONAMENTO,TRANSPORTE
AZUL LINHAS AEREAS,TRANSPORTE
DISNEY PLUS,ASSINATURA
RESTAURANTE SABOR,ALIMENTACAO
XBOX GAME PASS,ASSINATURA
CLINICA MEDICA,SAUDE
HOSPITAL CENTRAL,SAUDE
YOUTUBE PREMIUM,ASSINATURA
IFOOD DELIVERY,ALIMENTACAO
SHOPEE,SHOPPING
DROGASIL,SAUDE
CLINICA MEDICA,SAUDE
XBOX GAME PASS,ASSINATURA
SHOPEE,SHOPPING
DROGARIA SAO PAULO,SAUDE
XBOX GAME PASS,ASSINATURA
SUBWAY,ALIMENTACAO
SHELL POSTO,TRANSPORTE
ESTACIONAMENTO,TRANSPORTE
SUBWAY,ALIMENTACAO
NETFLIX,ASSINATURA
ESTACIONAMENTO,TRANSPORTE
XBOX GAME PASS,ASSINATURA
SPOTIFY,ASSINATURA
MAGAZINE LUIZA,SHOPPING
AMAZON,SHOPPING
BURGER KING,ALIMENTACAO
MAGAZINE LUIZA,SHOPPING
YOUTUBE PREMIUM,ASSINATURA
BURGER KING,ALIMENTACAO
MAGAZINE LUIZA,SHOPPING
RESTAURANTE SABOR,ALIMENTACAO
AZUL LINHAS AEREAS,TRANSPORTE
ALIEXPRESS,SHOPPING
DISNEY PLUS,ASSINATURA
PEDAGIO RODOVIA,TRANSPORTE
CLINICA MEDICA,SAUDE
MCDONALDS,ALIMENTACAO
PADARIA CENTRAL,ALIMENTACAO
DROGASIL,SAUDE
STARBUCKS,ALIMENTACAO
SPOTIFY,ASSINATURA
UBER TRIP,TRANSPORTE
ESTACIONAMENTO,TRANSPORTE
CLINICA MEDICA,SAUDE
MCDONALDS,ALIMENTACAO
AMAZON PRIME,ASSINATURA
DISNEY PLUS,ASSINATURA
HOSPITAL CENTRAL,SAUDE
SHELL POSTO,TRANSPORTE
AZUL LINHAS AEREAS,TRANSPORTE
AMAZON,SHOPPING
MAGAZINE LUIZA,SHOPPING
BURGER KING,ALIMENTACAO
RESTAURANTE SABOR,ALIMENTACAO
XBOX GAME PASS,ASSINATURA
DROGARIA SAO PAULO,SAUDE
SHELL POSTO,TRANSPORTE
DROGARIA SAO PAULO,SAUDE
SPOTIFY,ASSINATURA
AMAZON,SHOPPING
ALIEXPRESS,SHOPPING
ALIEXPRESS,SHOPPING
AZUL LINHAS AEREAS,TRANSPORTE
CLINICA MEDICA,SAUDE
UBER TRIP,TRANSPORTE
DROGARIA SAO PAULO,SAUDE
MAGAZINE LUIZA,SHOPPING
ALIEXPRESS,SHOPPING
SPOTIFY,ASSINATURA
BURGER KING,ALIMENTACAO
SHELL POSTO,TRANSPORTE
DROGASIL,SAUDE
MCDONALDS,ALIMENTACAO
ESTACIONAMENTO,TRANSPORTE
RESTAURANTE SABOR,ALIMENTACAO
IFOOD DELIVERY,ALIMENTACAO
XBOX GAME PASS,ASSINATURA
HOSPITAL CENTRAL,SAUDE
AMAZON,SHOPPING
CLINICA MEDICA,SAUDE
RESTAURANTE SABOR,ALIMENTACAO
SHOPEE,SHOPPING
HOSPITAL CENTRAL,SAUDE
PIZZA HUT,ALIMENTACAO
BURGER KING,ALIMENTACAO
NETFLIX,ASSINATURA
HOSPITAL CENTRAL,SAUDE
HOSPITAL CENTRAL,SAUDE
CLINICA MEDICA,SAUDE
DROGARIA SAO PAULO,SAUDE
DISNEY PLUS,ASSINATURA
XBOX GAME PASS,ASSINATURA
IPIRANGA,TRANSPORTE
CLINICA MEDICA,SAUDE
